datetime,Open,High,Low,Close,Volume
2022-10-31 08:00:00,100.319999,100.400001,99.559997,99.589996,
2022-10-31 08:05:00,99.559997,99.589996,99.089996,99.339996,8237.0
2022-10-31 08:10:00,99.309997,99.449996,99.11,99.199996,4099.0
2022-10-31 08:15:00,99.18,99.400001,99.139999,99.400001,3147.0
2022-10-31 08:20:00,99.550003,99.800003,99.529998,99.529998,4204.0
2022-10-31 08:25:00,99.559997,99.620002,99.319999,99.319999,3801.0
2022-10-31 08:30:00,99.300003,99.300003,98.580001,98.730003,9820.0
2022-10-31 08:35:00,98.760002,98.980003,98.760002,98.980003,4436.0
2022-10-31 08:40:00,98.919998,98.989997,98.800003,98.940002,2497.0
2022-10-31 08:45:00,98.949996,99.139999,98.879997,98.879997,5150.0
2022-10-31 08:50:00,98.959999,98.959999,98.730003,98.79,2748.0
2022-10-31 08:55:00,98.830001,98.86,98.709999,98.800003,2594.0
2022-10-31 09:00:00,98.730003,98.86,98.550003,98.620002,2984.0
2022-10-31 09:05:00,98.650001,98.830001,98.550003,98.589996,4554.0
2022-10-31 09:10:00,98.620002,98.720001,98.620002,98.720001,1310.0
2022-10-31 09:15:00,98.709999,98.900001,98.470001,98.529998,9877.0
2022-10-31 09:20:00,98.5,98.709999,98.5,98.709999,7307.0
2022-10-31 09:25:00,98.660003,98.739997,98.620002,98.739997,822.0
2022-10-31 09:30:00,98.75,98.839996,98.669998,98.760002,1884.0
2022-10-31 09:35:00,98.730003,98.730003,98.61,98.660003,4312.0
2022-10-31 09:40:00,98.699996,98.709999,98.440002,98.550003,6984.0
2022-10-31 09:45:00,98.54,98.669998,98.470001,98.669998,3642.0
2022-10-31 09:50:00,98.690002,98.779998,98.690002,98.720001,2461.0
2022-10-31 09:55:00,98.690002,98.709999,98.660003,98.68,2647.0
2022-10-31 10:00:00,98.669998,98.699996,98.519996,98.569999,3759.0
2022-10-31 10:05:00,98.599998,98.959999,98.599998,98.919998,2736.0
2022-10-31 10:10:00,98.870002,98.970001,98.809997,98.970001,1618.0
2022-10-31 10:15:00,98.959999,99.059997,98.949996,99.010002,4430.0
2022-10-31 10:20:00,98.989997,99.260002,98.93,99.260002,6807.0
2022-10-31 10:25:00,99.260002,99.29,99.18,99.239997,2126.0
2022-10-31 10:30:00,99.260002,99.400001,99.25,99.319999,5630.0
2022-10-31 10:35:00,99.300003,99.419998,99.300003,99.419998,803.0
2022-10-31 10:40:00,99.43,99.519996,99.129997,99.139999,2096.0
2022-10-31 10:45:00,99.18,99.379997,99.169998,99.330001,1726.0
2022-10-31 10:50:00,99.349998,99.370002,99.25,99.300003,2801.0
2022-10-31 10:55:00,99.319999,99.510002,99.319999,99.410003,6553.0
2022-10-31 11:00:00,99.410003,99.559997,99.300003,99.300003,5020.0
2022-10-31 11:05:00,99.339996,99.419998,99.239997,99.349998,247.0
2022-10-31 11:10:00,99.309997,99.419998,99.120002,99.169998,989.0
2022-10-31 11:15:00,99.11,99.190002,99.029998,99.059997,611.0
2022-10-31 11:20:00,99.059997,99.199996,99.059997,99.190002,1609.0
2022-10-31 11:25:00,99.169998,99.370002,99.150001,99.230003,4655.0
2022-10-31 11:30:00,99.18,99.220001,99.120002,99.18,972.0
2022-10-31 11:35:00,99.230003,99.230003,99.089996,99.160003,1177.0
2022-10-31 11:40:00,99.220001,99.330001,99.18,99.269996,1756.0
2022-10-31 11:45:00,99.319999,99.349998,99.309997,99.349998,426.0
2022-10-31 11:50:00,99.279998,99.29,99.190002,99.260002,749.0
2022-10-31 11:55:00,99.300003,99.370002,99.300003,99.370002,381.0
2022-10-31 12:00:00,99.400001,99.440002,99.29,99.440002,1665.0
2022-10-31 12:05:00,99.470001,99.480003,99.410003,99.410003,272.0
2022-10-31 12:10:00,99.529998,99.589996,99.459999,99.589996,823.0
2022-10-31 12:15:00,99.699996,99.699996,99.480003,99.510002,878.0
2022-10-31 12:20:00,99.519996,99.550003,99.29,99.330001,2126.0
2022-10-31 12:25:00,99.319999,99.330001,99.169998,99.330001,912.0
2022-10-31 12:30:00,99.220001,99.220001,99.080001,99.150001,796.0
2022-10-31 12:35:00,99.050003,99.080001,98.949996,99.010002,2289.0
2022-10-31 12:40:00,99.0,99.230003,98.900001,99.199996,3982.0
2022-10-31 12:45:00,99.190002,99.209999,99.019996,99.04,1139.0
2022-10-31 12:50:00,99.050003,99.099998,99.010002,99.069999,1621.0
2022-10-31 12:55:00,99.080001,99.099998,98.959999,99.050003,934.0
2022-10-31 13:00:00,99.050003,99.129997,98.93,99.129997,3396.0
2022-10-31 13:05:00,99.129997,99.370002,99.099998,99.370002,1940.0
2022-10-31 13:10:00,99.370002,99.61,99.309997,99.519996,2993.0
2022-10-31 13:15:00,99.519996,99.61,99.480003,99.480003,
2022-10-31 13:20:00,99.400001,99.470001,99.339996,99.379997,210423.0
2022-10-31 13:25:00,99.36,99.389999,99.069999,99.099998,3617.0
2022-10-31 13:30:00,99.089996,99.459999,98.900001,99.080001,4783.0
2022-10-31 13:35:00,99.069999,99.36,99.04,99.220001,6355.0
2022-10-31 13:40:00,99.199996,99.319999,99.129997,99.230003,5273.0
2022-10-31 13:45:00,99.260002,99.319999,98.839996,98.839996,4985.0
2022-10-31 13:50:00,98.809997,99.029998,98.68,98.900001,6947.0
2022-10-31 13:55:00,98.900001,98.919998,98.699996,98.75,2704.0
2022-10-31 14:00:00,98.730003,99.419998,98.730003,99.29,10695.0
2022-10-31 14:05:00,99.239997,99.330001,99.050003,99.150001,2972.0
2022-10-31 14:10:00,99.150001,99.220001,99.029998,99.209999,1049.0
2022-10-31 14:15:00,99.209999,99.370002,99.190002,99.230003,2547.0
2022-10-31 14:20:00,99.239997,99.25,98.760002,98.819999,3963.0
2022-10-31 14:25:00,98.800003,98.839996,98.660003,98.760002,3646.0
2022-10-31 14:30:00,98.739997,98.739997,98.54,98.669998,8399.0
2022-10-31 14:35:00,98.660003,99.029998,98.339996,99.029998,8325.0
2022-10-31 14:40:00,99.010002,99.220001,98.970001,99.080001,2370.0
2022-10-31 14:45:00,99.11,99.349998,99.089996,99.279998,4539.0
2022-10-31 14:50:00,99.269996,99.29,99.080001,99.190002,2835.0
2022-10-31 14:55:00,99.150001,99.160003,99.0,99.059997,4300.0
2022-10-31 15:00:00,99.04,99.300003,99.04,99.279998,1636.0
2022-10-31 15:05:00,99.220001,99.339996,99.089996,99.089996,3623.0
2022-10-31 15:10:00,99.120002,99.18,99.050003,99.160003,3380.0
2022-10-31 15:15:00,99.169998,99.220001,99.010002,99.099998,2696.0
2022-10-31 15:20:00,99.080001,99.269996,98.910003,99.269996,7433.0
2022-10-31 15:25:00,99.260002,99.269996,99.089996,99.139999,2265.0
2022-10-31 15:30:00,99.129997,99.279998,99.099998,99.260002,1984.0
2022-10-31 15:35:00,99.279998,99.279998,99.199996,99.230003,1909.0
2022-10-31 15:40:00,99.25,99.480003,99.239997,99.36,3228.0
2022-10-31 15:45:00,99.36,99.379997,99.260002,99.309997,1944.0
2022-10-31 15:50:00,99.309997,99.330001,99.220001,99.260002,4563.0
2022-10-31 15:55:00,99.230003,99.319999,98.980003,99.059997,4601.0
2022-10-31 16:00:00,99.069999,99.089996,98.959999,98.959999,1912.0
2022-10-31 16:05:00,98.93,98.949996,98.550003,98.68,15360.0
2022-10-31 16:10:00,98.699996,99.190002,98.68,99.190002,4710.0
2022-10-31 16:15:00,99.199996,99.209999,99.04,99.04,5969.0
2022-10-31 16:20:00,99.069999,99.069999,98.940002,98.949996,4787.0
2022-10-31 16:25:00,98.959999,98.989997,98.849998,98.879997,7931.0
2022-10-31 16:30:00,98.980003,98.980003,98.980003,98.980003,
2022-11-01 08:00:00,100.36,100.54,99.569999,100.5,
2022-11-01 08:05:00,100.599998,101.400001,100.279998,100.300003,17941.0
2022-11-01 08:10:00,100.279998,100.419998,99.819999,100.019996,7404.0
2022-11-01 08:15:00,100.0,100.080001,99.730003,99.800003,8448.0
2022-11-01 08:20:00,99.809997,100.36,99.809997,100.239997,17189.0
2022-11-01 08:25:00,100.260002,100.459999,99.989997,100.459999,14344.0
2022-11-01 08:30:00,100.5,100.580001,100.220001,100.36,3157.0
2022-11-01 08:35:00,100.339996,100.919998,100.319999,100.800003,12871.0
2022-11-01 08:40:00,100.779998,100.800003,100.260002,100.300003,3544.0
2022-11-01 08:45:00,100.260002,100.459999,100.239997,100.36,2141.0
2022-11-01 08:50:00,100.379997,100.54,100.339996,100.36,1331.0
2022-11-01 08:55:00,100.5,100.5,100.379997,100.379997,1930.0
2022-11-01 09:00:00,100.580001,100.660003,100.319999,100.36,3783.0
2022-11-01 09:05:00,100.300003,100.620002,100.300003,100.559997,1481.0
2022-11-01 09:10:00,100.54,100.54,100.300003,100.379997,3373.0
2022-11-01 09:15:00,100.440002,100.54,100.239997,100.36,4652.0
2022-11-01 09:20:00,100.339996,100.480003,100.319999,100.379997,6095.0
2022-11-01 09:25:00,100.379997,100.379997,100.18,100.279998,2567.0
2022-11-01 09:30:00,100.239997,100.480003,100.199996,100.279998,4609.0
2022-11-01 09:35:00,100.300003,100.300003,100.199996,100.260002,647.0
2022-11-01 09:40:00,100.279998,100.400001,100.220001,100.260002,2176.0
2022-11-01 09:45:00,100.260002,100.260002,100.120002,100.239997,1522.0
2022-11-01 09:50:00,100.279998,100.36,100.160003,100.239997,2367.0
2022-11-01 09:55:00,100.239997,100.319999,100.18,100.199996,906.0
2022-11-01 10:00:00,100.239997,100.339996,100.239997,100.239997,1860.0
2022-11-01 10:05:00,100.18,100.480003,100.120002,100.459999,5109.0
2022-11-01 10:10:00,100.480003,100.599998,100.440002,100.440002,3546.0
2022-11-01 10:15:00,100.440002,100.5,100.400001,100.400001,1443.0
2022-11-01 10:20:00,100.400001,100.699996,100.400001,100.660003,1511.0
2022-11-01 10:25:00,100.68,100.900001,100.660003,100.760002,7351.0
2022-11-01 10:30:00,100.900001,101.339996,100.900001,101.339996,8261.0
2022-11-01 10:35:00,101.379997,101.379997,101.239997,101.260002,1027.0
2022-11-01 10:40:00,101.300003,101.300003,101.04,101.099998,1444.0
2022-11-01 10:45:00,101.059997,101.120002,101.04,101.120002,954.0
2022-11-01 10:50:00,101.239997,101.379997,101.239997,101.279998,1486.0
2022-11-01 10:55:00,101.319999,101.400001,101.220001,101.300003,687.0
2022-11-01 11:00:00,101.279998,101.36,101.160003,101.199996,1817.0
2022-11-01 11:05:00,101.339996,101.440002,101.300003,101.36,3942.0
2022-11-01 11:10:00,101.419998,101.459999,101.319999,101.319999,2206.0
2022-11-01 11:15:00,101.339996,101.379997,101.059997,101.160003,2388.0
2022-11-01 11:20:00,101.199996,101.319999,101.160003,101.160003,1859.0
2022-11-01 11:25:00,101.199996,101.260002,101.120002,101.18,580.0
2022-11-01 11:30:00,101.199996,101.260002,101.199996,101.199996,371.0
2022-11-01 11:35:00,101.18,101.260002,100.940002,100.940002,1382.0
2022-11-01 11:40:00,100.879997,100.919998,100.559997,100.660003,4115.0
2022-11-01 11:45:00,100.660003,100.68,100.459999,100.620002,3920.0
2022-11-01 11:50:00,100.559997,100.599998,100.5,100.519996,691.0
2022-11-01 11:55:00,100.54,100.620002,100.5,100.5,528.0
2022-11-01 12:00:00,100.480003,100.519996,100.36,100.440002,580.0
2022-11-01 12:05:00,100.379997,100.559997,100.379997,100.440002,1484.0
2022-11-01 12:10:00,100.379997,100.559997,100.339996,100.400001,2679.0
2022-11-01 12:15:00,100.480003,100.580001,100.440002,100.519996,2250.0
2022-11-01 12:20:00,100.639999,100.68,100.54,100.559997,862.0
2022-11-01 12:25:00,100.54,100.599998,100.400001,100.480003,3547.0
2022-11-01 12:30:00,100.5,100.519996,100.440002,100.440002,2454.0
2022-11-01 12:35:00,100.459999,100.639999,100.419998,100.519996,1280.0
2022-11-01 12:40:00,100.54,100.580001,100.440002,100.440002,782.0
2022-11-01 12:45:00,100.419998,100.5,100.36,100.379997,3407.0
2022-11-01 12:50:00,100.339996,100.379997,100.260002,100.260002,2050.0
2022-11-01 12:55:00,100.260002,100.339996,100.18,100.220001,2386.0
2022-11-01 13:00:00,100.220001,100.36,100.199996,100.319999,1090.0
2022-11-01 13:05:00,100.300003,100.419998,100.300003,100.319999,796.0
2022-11-01 13:10:00,100.319999,100.599998,100.319999,100.5,3546.0
2022-11-01 13:15:00,100.519996,100.599998,100.400001,100.440002,4361.0
2022-11-01 13:20:00,100.400001,100.5,100.379997,100.5,1598.0
2022-11-01 13:25:00,100.459999,100.459999,100.339996,100.400001,1623.0
2022-11-01 13:30:00,100.379997,100.599998,100.319999,100.599998,4711.0
2022-11-01 13:35:00,100.599998,100.779998,100.559997,100.760002,5189.0
2022-11-01 13:40:00,100.620002,100.760002,100.54,100.68,606.0
2022-11-01 13:45:00,100.599998,100.599998,100.260002,100.260002,9231.0
2022-11-01 13:50:00,100.239997,100.480003,100.239997,100.319999,1387.0
2022-11-01 13:55:00,100.400001,100.459999,100.160003,100.160003,4353.0
2022-11-01 14:00:00,100.239997,100.36,99.529998,99.569999,16056.0
2022-11-01 14:05:00,99.639999,99.709999,99.050003,99.050003,5141.0
2022-11-01 14:10:00,99.029998,99.379997,98.980003,99.129997,5821.0
2022-11-01 14:15:00,99.150001,99.319999,99.099998,99.169998,4094.0
2022-11-01 14:20:00,99.069999,99.5,98.970001,99.169998,9323.0
2022-11-01 14:25:00,99.099998,99.459999,99.050003,99.459999,1956.0
2022-11-01 14:30:00,99.470001,99.480003,99.220001,99.370002,3000.0
2022-11-01 14:35:00,99.370002,99.489997,98.819999,98.86,7567.0
2022-11-01 14:40:00,98.819999,98.819999,98.370002,98.510002,13432.0
2022-11-01 14:45:00,98.580001,98.650001,98.050003,98.150001,33567.0
2022-11-01 14:50:00,98.099998,98.519996,97.949996,98.489997,9113.0
2022-11-01 14:55:00,98.519996,98.79,98.300003,98.300003,1299.0
2022-11-01 15:00:00,98.459999,98.68,98.29,98.61,4531.0
2022-11-01 15:05:00,98.580001,98.620002,98.379997,98.5,2952.0
2022-11-01 15:10:00,98.519996,98.720001,98.349998,98.629997,1857.0
2022-11-01 15:15:00,98.669998,99.11,98.650001,98.769996,6129.0
2022-11-01 15:20:00,98.68,98.849998,98.639999,98.709999,3214.0
2022-11-01 15:25:00,98.739997,98.75,98.5,98.730003,11931.0
2022-11-01 15:30:00,98.730003,99.11,98.720001,99.059997,4995.0
2022-11-01 15:35:00,99.029998,99.150001,98.839996,98.849998,2841.0
2022-11-01 15:40:00,98.919998,99.0,98.75,98.760002,4255.0
2022-11-01 15:45:00,98.800003,99.050003,98.760002,99.0,9479.0
2022-11-01 15:50:00,98.980003,99.089996,98.839996,98.849998,11157.0
2022-11-01 15:55:00,98.900001,99.0,98.800003,98.980003,2552.0
2022-11-01 16:00:00,98.970001,99.010002,98.800003,98.800003,2816.0
2022-11-01 16:05:00,98.819999,99.400001,98.79,99.029998,15996.0
2022-11-01 16:10:00,99.04,99.139999,98.730003,98.819999,13252.0
2022-11-01 16:15:00,98.819999,98.940002,98.419998,98.419998,9385.0
2022-11-01 16:20:00,98.550003,98.809997,98.5,98.660003,10727.0
2022-11-01 16:25:00,98.660003,98.980003,98.660003,98.86,7528.0
2022-11-01 16:30:00,98.970001,98.970001,98.970001,98.970001,
2022-11-02 08:00:00,98.230003,98.660003,97.779998,97.93,
2022-11-02 08:05:00,97.949996,98.580001,97.910003,98.089996,15793.0
2022-11-02 08:10:00,98.04,98.489997,97.779998,97.819999,10178.0
2022-11-02 08:15:00,97.769996,98.43,97.720001,98.349998,11987.0
2022-11-02 08:20:00,98.389999,98.760002,98.389999,98.54,9639.0
2022-11-02 08:25:00,98.580001,98.669998,98.489997,98.519996,4813.0
2022-11-02 08:30:00,98.569999,98.589996,98.489997,98.529998,983.0
2022-11-02 08:35:00,98.459999,98.599998,98.389999,98.580001,4316.0
2022-11-02 08:40:00,98.569999,98.599998,98.440002,98.470001,6298.0
2022-11-02 08:45:00,98.510002,98.599998,98.389999,98.470001,5178.0
2022-11-02 08:50:00,98.449996,98.639999,98.400001,98.5,5205.0
2022-11-02 08:55:00,98.519996,98.529998,98.319999,98.389999,1112.0
2022-11-02 09:00:00,98.36,98.459999,98.220001,98.389999,4020.0
2022-11-02 09:05:00,98.389999,98.480003,98.029998,98.029998,5919.0
2022-11-02 09:10:00,98.019996,98.18,97.949996,98.11,12360.0
2022-11-02 09:15:00,98.120002,98.410003,98.11,98.18,20616.0
2022-11-02 09:20:00,98.169998,98.300003,98.160003,98.199996,5493.0
2022-11-02 09:25:00,98.209999,98.209999,97.819999,97.849998,10182.0
2022-11-02 09:30:00,97.819999,97.980003,97.809997,97.919998,7548.0
2022-11-02 09:35:00,97.900001,98.120002,97.849998,97.879997,6261.0
2022-11-02 09:40:00,97.86,97.86,97.720001,97.769996,1573.0
2022-11-02 09:45:00,97.830001,97.889999,97.819999,97.819999,2119.0
2022-11-02 09:50:00,97.769996,97.93,97.75,97.919998,5077.0
2022-11-02 09:55:00,97.910003,97.910003,97.79,97.79,3057.0
2022-11-02 10:00:00,97.830001,97.989997,97.760002,97.800003,2840.0
2022-11-02 10:05:00,97.779998,97.849998,97.779998,97.830001,1563.0
2022-11-02 10:10:00,97.900001,97.93,97.809997,97.93,1886.0
2022-11-02 10:15:00,97.940002,98.050003,97.919998,98.050003,4467.0
2022-11-02 10:20:00,98.050003,98.080001,98.019996,98.069999,3097.0
2022-11-02 10:25:00,98.059997,98.059997,97.900001,97.970001,5215.0
2022-11-02 10:30:00,97.970001,98.019996,97.660003,97.779998,6642.0
2022-11-02 10:35:00,97.79,97.800003,97.389999,97.519996,9792.0
2022-11-02 10:40:00,97.54,97.709999,97.54,97.660003,4070.0
2022-11-02 10:45:00,97.550003,97.580001,97.43,97.459999,2215.0
2022-11-02 10:50:00,97.449996,97.449996,97.199996,97.199996,6955.0
2022-11-02 10:55:00,97.199996,97.519996,97.160003,97.5,15762.0
2022-11-02 11:00:00,97.489997,97.569999,97.36,97.529998,4755.0
2022-11-02 11:05:00,97.519996,97.589996,97.43,97.519996,3279.0
2022-11-02 11:10:00,97.519996,97.739997,97.5,97.739997,2575.0
2022-11-02 11:15:00,97.769996,97.809997,97.61,97.739997,14083.0
2022-11-02 11:20:00,97.699996,97.839996,97.639999,97.819999,1757.0
2022-11-02 11:25:00,97.839996,97.839996,97.599998,97.690002,1961.0
2022-11-02 11:30:00,97.639999,97.68,97.569999,97.68,1897.0
2022-11-02 11:35:00,97.669998,97.669998,97.550003,97.559997,4554.0
2022-11-02 11:40:00,97.54,97.629997,97.410003,97.449996,4677.0
2022-11-02 11:45:00,97.419998,97.529998,97.319999,97.319999,8397.0
2022-11-02 11:50:00,97.319999,97.569999,97.260002,97.36,2992.0
2022-11-02 11:55:00,97.379997,97.379997,97.269996,97.300003,1434.0
2022-11-02 12:00:00,97.300003,97.449996,97.230003,97.330001,2929.0
2022-11-02 12:05:00,97.319999,97.339996,97.129997,97.139999,3522.0
2022-11-02 12:10:00,97.11,97.330001,97.11,97.319999,3119.0
2022-11-02 12:15:00,97.319999,97.319999,96.739997,96.919998,20210.0
2022-11-02 12:20:00,96.900001,97.019996,96.870002,96.910003,1198.0
2022-11-02 12:25:00,96.86,97.150001,96.86,96.989997,6592.0
2022-11-02 12:30:00,96.989997,97.440002,96.849998,97.379997,4658.0
2022-11-02 12:35:00,97.440002,97.550003,97.43,97.54,2992.0
2022-11-02 12:40:00,97.550003,97.569999,96.699996,96.699996,8192.0
2022-11-02 12:45:00,96.709999,96.849998,96.639999,96.68,7180.0
2022-11-02 12:50:00,96.68,97.04,96.650001,97.04,2248.0
2022-11-02 12:55:00,97.04,97.04,96.870002,96.879997,3540.0
2022-11-02 13:00:00,96.870002,96.959999,96.839996,96.900001,1360.0
2022-11-02 13:05:00,96.839996,96.86,96.75,96.809997,1760.0
2022-11-02 13:10:00,96.79,96.830001,96.720001,96.75,2805.0
2022-11-02 13:15:00,96.739997,96.75,96.68,96.690002,1180.0
2022-11-02 13:20:00,96.690002,96.870002,96.61,96.870002,1506.0
2022-11-02 13:25:00,96.870002,96.919998,96.839996,96.849998,5372.0
2022-11-02 13:30:00,96.809997,96.879997,96.550003,96.699996,6263.0
2022-11-02 13:35:00,96.690002,96.889999,96.690002,96.849998,2938.0
2022-11-02 13:40:00,96.919998,97.0,96.769996,96.79,4435.0
2022-11-02 13:45:00,96.760002,96.949996,96.650001,96.839996,4305.0
2022-11-02 13:50:00,96.819999,97.019996,96.660003,96.660003,2691.0
2022-11-02 13:55:00,96.68,96.839996,96.650001,96.779998,5164.0
2022-11-02 14:00:00,96.730003,96.839996,96.620002,96.650001,4590.0
2022-11-02 14:05:00,96.660003,96.86,96.660003,96.86,2613.0
2022-11-02 14:10:00,96.849998,97.010002,96.849998,96.970001,3953.0
2022-11-02 14:15:00,96.940002,97.029998,96.849998,96.959999,3676.0
2022-11-02 14:20:00,97.0,97.0,96.849998,96.870002,2256.0
2022-11-02 14:25:00,96.86,96.889999,96.760002,96.800003,1645.0
2022-11-02 14:30:00,96.830001,96.970001,96.779998,96.970001,2823.0
2022-11-02 14:35:00,96.970001,96.970001,96.870002,96.940002,6437.0
2022-11-02 14:40:00,96.980003,97.0,96.760002,96.959999,5167.0
2022-11-02 14:45:00,96.940002,97.459999,96.93,97.459999,2901.0
2022-11-02 14:50:00,97.419998,97.440002,97.069999,97.160003,4719.0
2022-11-02 14:55:00,97.160003,97.459999,97.160003,97.309997,1779.0
2022-11-02 15:00:00,97.29,97.459999,97.29,97.339996,7334.0
2022-11-02 15:05:00,97.36,97.489997,97.330001,97.339996,3876.0
2022-11-02 15:10:00,97.339996,97.400001,97.18,97.379997,4633.0
2022-11-02 15:15:00,97.339996,97.339996,97.190002,97.230003,2172.0
2022-11-02 15:20:00,97.260002,97.440002,97.169998,97.440002,2138.0
2022-11-02 15:25:00,97.449996,97.449996,97.349998,97.449996,1626.0
2022-11-02 15:30:00,97.400001,97.410003,97.309997,97.389999,1392.0
2022-11-02 15:35:00,97.379997,97.440002,97.25,97.25,1884.0
2022-11-02 15:40:00,97.239997,97.370002,97.129997,97.139999,11252.0
2022-11-02 15:45:00,97.169998,97.410003,97.169998,97.389999,3054.0
2022-11-02 15:50:00,97.400001,97.400001,97.059997,97.120002,6531.0
2022-11-02 15:55:00,97.160003,97.239997,96.989997,97.099998,6047.0
2022-11-02 16:00:00,97.169998,97.169998,96.910003,96.989997,6213.0
2022-11-02 16:05:00,96.989997,96.989997,96.669998,96.86,14283.0
2022-11-02 16:10:00,96.86,96.889999,96.809997,96.86,6590.0
2022-11-02 16:15:00,96.849998,97.069999,96.800003,96.839996,4452.0
2022-11-02 16:20:00,96.849998,96.849998,96.709999,96.830001,6781.0
2022-11-02 16:25:00,96.830001,96.910003,96.760002,96.760002,5931.0
2022-11-02 16:30:00,96.879997,96.879997,96.879997,96.879997,
2022-11-03 08:00:00,95.989997,95.989997,95.199996,95.599998,
2022-11-03 08:05:00,95.660003,96.669998,95.639999,96.410003,9633.0
2022-11-03 08:10:00,96.449996,96.769996,95.889999,95.940002,9796.0
2022-11-03 08:15:00,95.970001,96.0,95.25,95.269996,5774.0
2022-11-03 08:20:00,95.25,95.449996,95.029998,95.050003,13571.0
2022-11-03 08:25:00,95.080001,95.18,95.010002,95.059997,7653.0
2022-11-03 08:30:00,95.069999,95.120002,94.800003,95.0,38044.0
2022-11-03 08:35:00,95.0,95.300003,94.959999,95.11,11964.0
2022-11-03 08:40:00,95.099998,95.309997,95.069999,95.129997,8261.0
2022-11-03 08:45:00,95.139999,95.220001,94.940002,94.940002,7201.0
2022-11-03 08:50:00,94.940002,95.36,94.919998,95.069999,3279.0
2022-11-03 08:55:00,95.029998,95.470001,95.029998,95.449996,1141.0
2022-11-03 09:00:00,95.43,95.849998,95.419998,95.709999,5624.0
2022-11-03 09:05:00,95.720001,95.79,95.580001,95.660003,764.0
2022-11-03 09:10:00,95.690002,95.910003,95.669998,95.910003,5383.0
2022-11-03 09:15:00,95.919998,95.919998,95.68,95.730003,5920.0
2022-11-03 09:20:00,95.699996,95.93,95.61,95.93,1637.0
2022-11-03 09:25:00,95.900001,96.0,95.830001,95.959999,818.0
2022-11-03 09:30:00,95.959999,96.099998,95.879997,96.069999,1647.0
2022-11-03 09:35:00,96.089996,96.089996,95.849998,95.879997,1049.0
2022-11-03 09:40:00,95.910003,95.980003,95.709999,95.730003,1068.0
2022-11-03 09:45:00,95.709999,95.849998,95.699996,95.75,1825.0
2022-11-03 09:50:00,95.720001,95.849998,95.580001,95.580001,6340.0
2022-11-03 09:55:00,95.580001,95.879997,95.559997,95.86,2961.0
2022-11-03 10:00:00,95.839996,96.010002,95.809997,95.980003,3454.0
2022-11-03 10:05:00,95.970001,96.029998,95.849998,95.919998,3040.0
2022-11-03 10:10:00,95.940002,96.010002,95.839996,95.839996,2247.0
2022-11-03 10:15:00,95.809997,95.809997,95.620002,95.660003,1651.0
2022-11-03 10:20:00,95.669998,95.669998,95.449996,95.449996,2390.0
2022-11-03 10:25:00,95.43,95.519996,95.269996,95.269996,2037.0
2022-11-03 10:30:00,95.25,95.279998,95.050003,95.050003,3508.0
2022-11-03 10:35:00,95.04,95.120002,94.989997,95.069999,4936.0
2022-11-03 10:40:00,95.04,95.050003,94.900001,95.0,6968.0
2022-11-03 10:45:00,94.980003,95.379997,94.980003,95.25,18645.0
2022-11-03 10:50:00,95.239997,95.279998,95.139999,95.239997,5978.0
2022-11-03 10:55:00,95.220001,95.870002,95.209999,95.79,11699.0
2022-11-03 11:00:00,95.809997,95.809997,95.309997,95.349998,4498.0
2022-11-03 11:05:00,95.319999,95.569999,95.300003,95.559997,2552.0
2022-11-03 11:10:00,95.54,95.54,95.400001,95.410003,1811.0
2022-11-03 11:15:00,95.43,95.529998,95.43,95.529998,1068.0
2022-11-03 11:20:00,95.510002,95.620002,95.470001,95.620002,2074.0
2022-11-03 11:25:00,95.699996,95.849998,95.599998,95.61,4090.0
2022-11-03 11:30:00,95.68,95.730003,95.419998,95.419998,2235.0
2022-11-03 11:35:00,95.400001,95.410003,95.29,95.349998,2522.0
2022-11-03 11:40:00,95.330001,95.36,95.230003,95.25,3179.0
2022-11-03 11:45:00,95.269996,95.309997,95.209999,95.29,951.0
2022-11-03 11:50:00,95.260002,95.300003,95.220001,95.239997,3019.0
2022-11-03 11:55:00,95.230003,95.239997,95.099998,95.099998,1827.0
2022-11-03 12:00:00,95.349998,95.389999,95.18,95.269996,7090.0
2022-11-03 12:05:00,95.29,95.660003,95.29,95.330001,2965.0
2022-11-03 12:10:00,95.36,95.400001,94.949996,95.029998,5752.0
2022-11-03 12:15:00,95.029998,95.080001,94.849998,95.0,15086.0
2022-11-03 12:20:00,94.980003,94.980003,94.769996,94.809997,4721.0
2022-11-03 12:25:00,94.779998,94.779998,94.300003,94.620002,20066.0
2022-11-03 12:30:00,94.589996,94.639999,94.43,94.480003,5464.0
2022-11-03 12:35:00,94.510002,94.529998,94.04,94.089996,12198.0
2022-11-03 12:40:00,94.099998,94.319999,94.080001,94.209999,9102.0
2022-11-03 12:45:00,94.199996,94.199996,93.940002,93.989997,10289.0
2022-11-03 12:50:00,94.0,94.230003,94.0,94.099998,6715.0
2022-11-03 12:55:00,94.11,94.150001,94.0,94.04,3710.0
2022-11-03 13:00:00,94.059997,94.18,94.059997,94.11,3680.0
2022-11-03 13:05:00,94.089996,94.25,94.069999,94.25,3951.0
2022-11-03 13:10:00,94.300003,94.300003,94.150001,94.18,3085.0
2022-11-03 13:15:00,94.169998,94.209999,93.800003,93.839996,5235.0
2022-11-03 13:20:00,93.830001,94.04,93.709999,94.04,5882.0
2022-11-03 13:25:00,94.019996,94.050003,93.79,93.79,3030.0
2022-11-03 13:30:00,93.800003,94.169998,93.690002,94.069999,8527.0
2022-11-03 13:35:00,94.099998,94.150001,93.809997,94.050003,11340.0
2022-11-03 13:40:00,94.029998,94.230003,94.0,94.019996,4094.0
2022-11-03 13:45:00,93.989997,94.04,93.669998,93.830001,11070.0
2022-11-03 13:50:00,93.800003,93.949996,93.61,93.620002,4864.0
2022-11-03 13:55:00,93.599998,93.699996,93.519996,93.559997,5767.0
2022-11-03 14:00:00,93.569999,94.080001,93.419998,94.059997,12959.0
2022-11-03 14:05:00,94.0,94.11,93.550003,93.550003,5590.0
2022-11-03 14:10:00,93.569999,93.970001,93.410003,93.940002,5628.0
2022-11-03 14:15:00,94.0,94.129997,93.5,93.519996,17813.0
2022-11-03 14:20:00,93.510002,93.760002,93.400001,93.61,7169.0
2022-11-03 14:25:00,93.589996,93.980003,93.569999,93.919998,9472.0
2022-11-03 14:30:00,93.940002,94.050003,93.879997,93.910003,3909.0
2022-11-03 14:35:00,93.900001,94.050003,93.800003,93.980003,2492.0
2022-11-03 14:40:00,93.980003,94.319999,93.980003,94.279998,5214.0
2022-11-03 14:45:00,94.279998,94.400001,94.050003,94.199996,3041.0
2022-11-03 14:50:00,94.239997,94.629997,94.190002,94.629997,4321.0
2022-11-03 14:55:00,94.639999,94.819999,94.580001,94.819999,4879.0
2022-11-03 15:00:00,94.79,94.919998,94.760002,94.879997,8811.0
2022-11-03 15:05:00,94.879997,95.0,94.79,94.889999,10596.0
2022-11-03 15:10:00,94.870002,95.050003,94.86,94.86,9551.0
2022-11-03 15:15:00,94.830001,94.879997,94.440002,94.5,7231.0
2022-11-03 15:20:00,94.5,94.699996,94.349998,94.379997,6874.0
2022-11-03 15:25:00,94.36,94.480003,94.18,94.279998,10968.0
2022-11-03 15:30:00,94.269996,94.279998,93.980003,94.04,7783.0
2022-11-03 15:35:00,94.050003,94.169998,94.029998,94.160003,6156.0
2022-11-03 15:40:00,94.160003,94.269996,94.050003,94.059997,5798.0
2022-11-03 15:45:00,94.069999,94.25,94.0,94.010002,8061.0
2022-11-03 15:50:00,94.010002,94.029998,93.779998,93.870002,8404.0
2022-11-03 15:55:00,93.809997,93.839996,93.699996,93.800003,3245.0
2022-11-03 16:00:00,93.800003,94.010002,93.739997,93.900001,6852.0
2022-11-03 16:05:00,93.879997,93.949996,93.54,93.580001,6400.0
2022-11-03 16:10:00,93.569999,93.690002,93.480003,93.54,4784.0
2022-11-03 16:15:00,93.569999,93.889999,93.54,93.870002,6398.0
2022-11-03 16:20:00,93.870002,93.93,93.830001,93.910003,8024.0
2022-11-03 16:25:00,93.910003,94.089996,93.86,94.010002,17594.0
2022-11-03 16:30:00,93.949996,93.949996,93.949996,93.949996,
2022-11-04 08:00:00,96.0,96.0,94.970001,95.550003,
2022-11-04 08:05:00,95.569999,96.120002,95.519996,95.959999,11532.0
2022-11-04 08:10:00,96.010002,96.160003,95.839996,96.080001,9177.0
2022-11-04 08:15:00,96.190002,96.349998,95.889999,96.300003,7178.0
2022-11-04 08:20:00,96.339996,96.879997,96.220001,96.800003,4242.0
2022-11-04 08:25:00,96.949996,97.04,96.730003,96.79,3261.0
2022-11-04 08:30:00,96.739997,97.0,96.690002,96.959999,3844.0
2022-11-04 08:35:00,96.980003,97.419998,96.68,96.809997,9173.0
2022-11-04 08:40:00,96.779998,96.839996,96.660003,96.79,6798.0
2022-11-04 08:45:00,96.769996,96.900001,96.480003,96.489997,3209.0
2022-11-04 08:50:00,96.440002,96.660003,96.269996,96.599998,2279.0
2022-11-04 08:55:00,96.510002,96.720001,96.269996,96.650001,10143.0
2022-11-04 09:00:00,96.690002,96.86,96.660003,96.779998,5151.0
2022-11-04 09:05:00,96.68,96.699996,96.389999,96.410003,917.0
2022-11-04 09:10:00,96.379997,96.690002,96.379997,96.650001,9829.0
2022-11-04 09:15:00,96.660003,97.209999,96.650001,97.089996,13723.0
2022-11-04 09:20:00,97.11,97.150001,96.730003,96.779998,5149.0
2022-11-04 09:25:00,96.819999,96.940002,96.599998,96.599998,4239.0
2022-11-04 09:30:00,96.620002,96.690002,96.400001,96.61,5046.0
2022-11-04 09:35:00,96.61,96.779998,96.61,96.769996,915.0
2022-11-04 09:40:00,96.730003,96.809997,96.580001,96.620002,7049.0
2022-11-04 09:45:00,96.639999,96.830001,96.559997,96.650001,4156.0
2022-11-04 09:50:00,96.75,96.879997,96.75,96.819999,3022.0
2022-11-04 09:55:00,96.879997,97.0,96.849998,96.93,1460.0
2022-11-04 10:00:00,96.910003,97.080001,96.86,97.029998,2919.0
2022-11-04 10:05:00,97.019996,97.260002,97.010002,97.190002,5505.0
2022-11-04 10:10:00,97.209999,97.389999,97.169998,97.349998,5747.0
2022-11-04 10:15:00,97.319999,97.400001,97.230003,97.36,5256.0
2022-11-04 10:20:00,97.349998,97.559997,97.349998,97.410003,2082.0
2022-11-04 10:25:00,97.379997,97.550003,97.339996,97.54,2235.0
2022-11-04 10:30:00,97.580001,97.650001,97.480003,97.54,3690.0
2022-11-04 10:35:00,97.5,97.629997,97.480003,97.559997,5803.0
2022-11-04 10:40:00,97.459999,97.589996,97.459999,97.569999,3016.0
2022-11-04 10:45:00,97.569999,97.86,97.519996,97.86,4824.0
2022-11-04 10:50:00,97.849998,97.940002,97.800003,97.86,16647.0
2022-11-04 10:55:00,97.849998,98.099998,97.809997,98.019996,24886.0
2022-11-04 11:00:00,98.010002,98.209999,97.989997,98.190002,3880.0
2022-11-04 11:05:00,98.18,98.849998,98.18,98.68,18279.0
2022-11-04 11:10:00,98.699996,99.199996,98.580001,99.199996,16216.0
2022-11-04 11:15:00,99.209999,99.589996,99.150001,99.440002,42642.0
2022-11-04 11:20:00,99.480003,99.720001,99.260002,99.300003,18807.0
2022-11-04 11:25:00,99.29,99.309997,98.910003,99.230003,10608.0
2022-11-04 11:30:00,99.330001,99.400001,99.209999,99.300003,4234.0
2022-11-04 11:35:00,99.260002,99.440002,99.169998,99.440002,3772.0
2022-11-04 11:40:00,99.410003,99.410003,98.809997,98.879997,10599.0
2022-11-04 11:45:00,98.809997,99.29,98.809997,99.29,6473.0
2022-11-04 11:50:00,99.300003,99.709999,99.220001,99.709999,15659.0
2022-11-04 11:55:00,99.639999,99.739997,99.529998,99.599998,8905.0
2022-11-04 12:00:00,99.559997,99.839996,99.559997,99.569999,23173.0
2022-11-04 12:05:00,99.599998,99.870002,99.559997,99.720001,7900.0
2022-11-04 12:10:00,99.699996,99.730003,99.639999,99.68,3739.0
2022-11-04 12:15:00,99.650001,99.650001,99.279998,99.319999,7617.0
2022-11-04 12:20:00,99.309997,99.459999,99.260002,99.459999,3890.0
2022-11-04 12:25:00,99.449996,99.61,99.370002,99.440002,4583.0
2022-11-04 12:30:00,99.440002,99.470001,98.199996,99.220001,16271.0
2022-11-04 12:35:00,99.220001,100.080001,99.209999,100.04,14983.0
2022-11-04 12:40:00,100.0,100.18,99.769996,100.160003,7652.0
2022-11-04 12:45:00,100.199996,100.260002,99.980003,100.019996,8655.0
2022-11-04 12:50:00,100.0,100.239997,99.989997,100.099998,7993.0
2022-11-04 12:55:00,100.059997,100.319999,99.849998,100.199996,12867.0
2022-11-04 13:00:00,100.300003,100.720001,100.239997,100.720001,4926.0
2022-11-04 13:05:00,100.739997,100.879997,100.599998,100.760002,9099.0
2022-11-04 13:10:00,100.800003,101.319999,100.599998,101.139999,20051.0
2022-11-04 13:15:00,101.120002,101.419998,101.019996,101.019996,17376.0
2022-11-04 13:20:00,101.0,101.199996,100.959999,101.04,12576.0
2022-11-04 13:25:00,100.940002,102.819999,100.940002,102.400001,41454.0
2022-11-04 13:30:00,102.400001,103.239997,102.099998,103.199996,52070.0
2022-11-04 13:35:00,103.220001,106.459999,103.220001,106.459999,108527.0
2022-11-04 13:40:00,107.099998,108.980003,105.86,107.940002,227304.0
2022-11-04 13:45:00,107.819999,110.779998,107.199996,110.779998,91700.0
2022-11-04 13:50:00,111.379997,121.260002,110.779998,118.779998,354692.0
2022-11-04 13:55:00,118.800003,118.800003,112.839996,113.120002,246851.0
2022-11-04 14:00:00,113.160003,113.379997,109.099998,109.779998,174247.0
2022-11-04 14:05:00,109.800003,110.36,108.440002,110.139999,123213.0
2022-11-04 14:10:00,110.099998,112.160003,109.919998,111.660003,109115.0
2022-11-04 14:15:00,111.68,112.18,111.18,111.5,50532.0
2022-11-04 14:20:00,111.519996,115.36,111.339996,115.239997,96056.0
2022-11-04 14:25:00,115.400001,115.760002,114.459999,115.760002,33888.0
2022-11-04 14:30:00,115.0,115.839996,112.260002,112.660003,74530.0
2022-11-04 14:35:00,112.879997,113.260002,111.739997,112.0,77712.0
2022-11-04 14:40:00,112.120002,114.660003,112.120002,114.199996,97374.0
2022-11-04 14:45:00,114.099998,114.720001,113.739997,114.0,79987.0
2022-11-04 14:50:00,114.059997,114.440002,113.099998,113.260002,42022.0
2022-11-04 14:55:00,113.319999,114.639999,113.319999,114.279998,34026.0
2022-11-04 15:00:00,114.319999,115.800003,114.019996,115.5,75025.0
2022-11-04 15:05:00,115.419998,115.459999,114.300003,115.04,44169.0
2022-11-04 15:10:00,114.980003,115.620002,114.800003,115.5,45066.0
2022-11-04 15:15:00,115.459999,115.54,114.86,115.080001,51446.0
2022-11-04 15:20:00,115.059997,115.160003,114.099998,115.0,55774.0
2022-11-04 15:25:00,114.980003,115.18,113.720001,113.720001,21768.0
2022-11-04 15:30:00,113.660003,113.720001,112.739997,112.940002,29862.0
2022-11-04 15:35:00,112.919998,113.5,112.86,113.019996,25149.0
2022-11-04 15:40:00,113.059997,113.059997,112.019996,112.639999,21223.0
2022-11-04 15:45:00,112.660003,112.940002,111.839996,112.019996,20613.0
2022-11-04 15:50:00,112.059997,112.879997,112.059997,112.760002,20952.0
2022-11-04 15:55:00,112.839996,112.919998,111.760002,112.0,22710.0
2022-11-04 16:00:00,112.019996,112.400001,111.86,112.339996,18281.0
2022-11-04 16:05:00,112.300003,112.800003,111.940002,112.660003,19222.0
2022-11-04 16:10:00,112.68,112.800003,112.419998,112.699996,16786.0
2022-11-04 16:15:00,112.699996,113.199996,112.559997,113.120002,48323.0
2022-11-04 16:20:00,113.099998,113.239997,112.919998,113.160003,30816.0
2022-11-04 16:25:00,113.139999,113.440002,113.059997,113.440002,41593.0
2022-11-04 16:30:00,114.04,114.04,114.04,114.04,
2022-11-07 08:00:00,111.919998,113.419998,110.739997,112.239997,
2022-11-07 08:05:00,112.239997,112.36,110.760002,111.18,24274.0
2022-11-07 08:10:00,111.099998,111.099998,109.980003,110.019996,32067.0
2022-11-07 08:15:00,110.059997,110.480003,109.699996,110.120002,26243.0
2022-11-07 08:20:00,110.18,110.300003,109.599998,109.699996,8844.0
2022-11-07 08:25:00,109.660003,109.699996,108.900001,109.440002,20166.0
2022-11-07 08:30:00,109.440002,110.879997,109.440002,110.459999,17295.0
2022-11-07 08:35:00,110.459999,111.819999,110.459999,111.660003,18980.0
2022-11-07 08:40:00,111.559997,113.699996,111.459999,113.599998,43174.0
2022-11-07 08:45:00,113.599998,114.480003,113.120002,113.260002,48860.0
2022-11-07 08:50:00,113.239997,113.260002,112.260002,112.879997,24789.0
2022-11-07 08:55:00,112.819999,113.879997,112.760002,113.800003,15603.0
2022-11-07 09:00:00,113.819999,114.220001,113.68,114.199996,9205.0
2022-11-07 09:05:00,114.18,114.18,113.5,113.54,12225.0
2022-11-07 09:10:00,113.559997,113.68,113.18,113.279998,9100.0
2022-11-07 09:15:00,113.239997,113.260002,112.900001,112.980003,6938.0
2022-11-07 09:20:00,113.019996,113.019996,112.220001,112.260002,12437.0
2022-11-07 09:25:00,112.279998,112.279998,111.819999,111.980003,7864.0
2022-11-07 09:30:00,111.980003,112.099998,111.519996,111.599998,13927.0
2022-11-07 09:35:00,111.660003,112.239997,111.599998,112.019996,6694.0
2022-11-07 09:40:00,112.04,112.120002,111.819999,111.86,4231.0
2022-11-07 09:45:00,111.919998,111.940002,111.720001,111.900001,5524.0
2022-11-07 09:50:00,111.839996,112.18,111.720001,112.139999,12940.0
2022-11-07 09:55:00,112.099998,112.099998,111.36,111.5,17022.0
2022-11-07 10:00:00,111.559997,111.739997,111.339996,111.580001,10969.0
2022-11-07 10:05:00,111.599998,111.68,111.36,111.559997,4826.0
2022-11-07 10:10:00,111.580001,112.319999,111.54,111.86,9153.0
2022-11-07 10:15:00,111.86,111.919998,111.599998,111.779998,7525.0
2022-11-07 10:20:00,111.800003,112.04,111.760002,111.940002,5503.0
2022-11-07 10:25:00,111.959999,112.160003,111.86,112.160003,18053.0
2022-11-07 10:30:00,112.18,112.379997,112.160003,112.379997,3614.0
2022-11-07 10:35:00,112.400001,112.559997,112.400001,112.54,5432.0
2022-11-07 10:40:00,112.5,112.54,112.080001,112.199996,6048.0
2022-11-07 10:45:00,112.220001,112.319999,112.120002,112.199996,3264.0
2022-11-07 10:50:00,112.220001,112.260002,112.059997,112.059997,5858.0
2022-11-07 10:55:00,112.080001,112.480003,111.919998,112.419998,15197.0
2022-11-07 11:00:00,112.440002,113.120002,112.440002,113.099998,8139.0
2022-11-07 11:05:00,113.160003,113.36,113.160003,113.18,2999.0
2022-11-07 11:10:00,113.18,113.199996,112.599998,112.599998,9765.0
2022-11-07 11:15:00,112.559997,112.760002,112.199996,112.260002,13523.0
2022-11-07 11:20:00,112.300003,112.519996,112.199996,112.260002,4551.0
2022-11-07 11:25:00,112.239997,112.519996,112.220001,112.319999,3907.0
2022-11-07 11:30:00,112.36,112.559997,112.36,112.379997,5048.0
2022-11-07 11:35:00,112.36,112.54,112.160003,112.199996,4676.0
2022-11-07 11:40:00,112.199996,112.319999,112.120002,112.260002,5086.0
2022-11-07 11:45:00,112.18,112.239997,112.120002,112.199996,2994.0
2022-11-07 11:50:00,112.199996,112.639999,112.199996,112.639999,4398.0
2022-11-07 11:55:00,112.559997,112.720001,112.5,112.559997,5265.0
2022-11-07 12:00:00,112.559997,112.68,112.199996,112.599998,3687.0
2022-11-07 12:05:00,112.620002,112.839996,112.620002,112.839996,3426.0
2022-11-07 12:10:00,112.760002,112.940002,112.620002,112.779998,4126.0
2022-11-07 12:15:00,112.800003,112.839996,112.699996,112.760002,2285.0
2022-11-07 12:20:00,112.800003,112.919998,112.779998,112.819999,2483.0
2022-11-07 12:25:00,112.940002,113.339996,112.900001,113.18,4924.0
2022-11-07 12:30:00,113.139999,113.239997,112.900001,112.940002,5125.0
2022-11-07 12:35:00,112.900001,112.980003,112.819999,112.900001,4436.0
2022-11-07 12:40:00,112.900001,113.120002,112.86,113.120002,4432.0
2022-11-07 12:45:00,113.120002,113.319999,113.099998,113.279998,6159.0
2022-11-07 12:50:00,113.300003,113.440002,113.239997,113.400001,2813.0
2022-11-07 12:55:00,113.379997,113.459999,113.300003,113.459999,3994.0
2022-11-07 13:00:00,113.480003,113.900001,113.379997,113.900001,13462.0
2022-11-07 13:05:00,113.900001,113.919998,113.36,113.400001,23763.0
2022-11-07 13:10:00,113.400001,113.660003,113.139999,113.580001,6656.0
2022-11-07 13:15:00,113.54,113.839996,113.5,113.839996,4304.0
2022-11-07 13:20:00,113.819999,113.819999,113.559997,113.559997,4632.0
2022-11-07 13:25:00,113.620002,113.900001,113.519996,113.779998,
2022-11-07 13:30:00,113.779998,113.900001,113.699996,113.760002,738685.0
2022-11-07 13:35:00,113.800003,114.18,113.699996,114.18,5322.0
2022-11-07 13:40:00,114.139999,114.580001,114.139999,114.419998,6318.0
2022-11-07 13:45:00,114.400001,114.559997,114.199996,114.519996,3626.0
2022-11-07 13:50:00,114.54,114.639999,114.379997,114.580001,5325.0
2022-11-07 13:55:00,114.599998,114.940002,114.5,114.599998,9052.0
2022-11-07 14:00:00,114.580001,114.86,114.54,114.779998,4121.0
2022-11-07 14:05:00,114.819999,115.220001,114.779998,115.139999,15803.0
2022-11-07 14:10:00,115.18,115.580001,115.18,115.36,6772.0
2022-11-07 14:15:00,115.379997,115.459999,115.019996,115.220001,11679.0
2022-11-07 14:20:00,115.18,115.18,114.379997,114.400001,11023.0
2022-11-07 14:25:00,114.459999,114.54,114.239997,114.239997,8226.0
2022-11-07 14:30:00,114.339996,114.480003,114.059997,114.300003,8800.0
2022-11-07 14:35:00,114.36,114.419998,113.599998,113.839996,9774.0
2022-11-07 14:40:00,113.86,114.68,113.86,114.480003,11894.0
2022-11-07 14:45:00,114.5,114.620002,114.120002,114.139999,13942.0
2022-11-07 14:50:00,114.160003,114.660003,114.080001,114.080001,4548.0
2022-11-07 14:55:00,114.080001,114.160003,113.379997,113.580001,8611.0
2022-11-07 15:00:00,113.559997,114.519996,113.480003,114.379997,13098.0
2022-11-07 15:05:00,114.379997,114.559997,114.080001,114.300003,7156.0
2022-11-07 15:10:00,114.300003,114.339996,113.580001,113.68,9477.0
2022-11-07 15:15:00,113.660003,114.04,113.5,114.04,10174.0
2022-11-07 15:20:00,114.059997,114.080001,113.459999,113.480003,6899.0
2022-11-07 15:25:00,113.519996,113.919998,113.400001,113.919998,7799.0
2022-11-07 15:30:00,113.940002,113.959999,113.699996,113.819999,7040.0
2022-11-07 15:35:00,113.839996,114.120002,113.68,114.080001,5395.0
2022-11-07 15:40:00,114.099998,114.5,113.959999,114.400001,5257.0
2022-11-07 15:45:00,114.440002,114.660003,114.400001,114.519996,6757.0
2022-11-07 15:50:00,114.54,114.660003,114.480003,114.559997,5006.0
2022-11-07 15:55:00,114.559997,114.800003,114.559997,114.660003,3531.0
2022-11-07 16:00:00,114.660003,114.660003,114.5,114.5,4600.0
2022-11-07 16:05:00,114.5,114.900001,114.5,114.819999,8200.0
2022-11-07 16:10:00,114.819999,114.819999,114.400001,114.580001,8683.0
2022-11-07 16:15:00,114.599998,115.199996,114.599998,114.980003,12499.0
2022-11-07 16:20:00,114.980003,115.099998,114.900001,115.0,8877.0
2022-11-07 16:25:00,115.04,115.160003,114.940002,115.04,18101.0
2022-11-07 16:30:00,114.959999,114.959999,114.959999,114.959999,
